{"cameraMode":{"drawMode":0,"name":"Shaded","section":"Shading Mode"},"sceneLighting":false,"audioPlay":false,"sceneViewState":{"m_AlwaysRefresh":false,"showFog":true,"showSkybox":false,"showFlares":true,"showImageEffects":true,"showParticleSystems":true,"showVisualEffectGraphs":true,"m_FxEnabled":true},"in2DMode":false,"pivot":{"x":0.010578347370028496,"y":0.07004726678133011,"z":0.019366290420293809},"rotation":{"x":-0.13574226200580598,"y":0.7596924901008606,"z":-0.16813558340072633,"w":-0.6133280992507935},"size":0.13946543633937837,"orthographic":true}